{
  "project_info": {
    "project_number": "866171409187",
    "firebase_url": "https://phonic-avatar-157005.firebaseio.com",
    "project_id": "phonic-avatar-157005",
    "storage_bucket": "phonic-avatar-157005.appspot.com"
  },
  "client": [
    {
      "client_info": {
        "mobilesdk_app_id": "1:866171409187:android:0939904ff9221abb",
        "android_client_info": {
          "package_name": "com.example.lenovo.placepicker"
        }
      },
      "oauth_client": [
        {
          "client_id": "866171409187-hp9p1dl917gssl1bg7i38mnhsjse8gua.apps.googleusercontent.com",
          "client_type": 3
        }
      ],
      "api_key": [
        {
          "current_key": "AIzaSyB8NgpAbWzhFpN9ca7uvgakCzcTez5hiF4"
        }
      ],
      "services": {
        "analytics_service": {
          "status": 1
        },
        "appinvite_service": {
          "status": 1,
          "other_platform_oauth_client": []
        },
        "ads_service": {
          "status": 2
        }
      }
    }
  ],
  "configuration_version": "1"
}